{
  "finetuning_summary": {
    "original_f1": 0.7383,
    "final_f1_standard": 0.944068155036188,
    "final_f1_improved": 0.9440268605329711,
    "improvement": 0.20572686053297118,
    "total_epochs": 20,
    "best_damage_recall": 0.9656652360515021,
    "best_major_recall": 0.8319327731092437
  },
  "performance_comparison": {
    "standard_inference": {
      "f1_score": 0.944068155036188,
      "damage_recall": 0.9559471365638766,
      "major_recall": 0.7563025210084033
    },
    "improved_inference": {
      "f1_score": 0.9440268605329711,
      "damage_recall": 0.9656652360515021,
      "major_recall": 0.8319327731092437
    }
  },
  "confusion_matrix": [
    [
      573,
      3,
      1
    ],
    [
      3,
      97,
      18
    ],
    [
      9,
      11,
      99
    ]
  ],
  "class_names": [
    "no_damage",
    "minor_damage",
    "major_damage"
  ],
  "inference_parameters": {
    "tau_nd": 0.65,
    "tau_major": 0.32
  },
  "training_curves": {
    "train_losses": [
      0.2601536855493721,
      0.15817540386589884,
      0.1470696581225948,
      0.15131138160689037,
      0.14529868490006095,
      0.11916696557422594,
      0.10404883336635432,
      0.11610899398281042
    ],
    "val_f1_scores": [
      0.9188791908090155,
      0.9218163638774723,
      0.9440268605329711,
      0.9318701110247161,
      0.9311111996701515,
      0.9303250172292857,
      0.9380351737079357,
      0.9435254793294435
    ],
    "val_damage_recalls": [
      0.9433198380566802,
      0.9576271186440678,
      0.9656652360515021,
      0.9703389830508474,
      0.9578059071729957,
      0.9344262295081968,
      0.9438669438669439,
      0.9535864978902954
    ],
    "val_major_recalls": [
      0.8403361344537815,
      0.865546218487395,
      0.8319327731092437,
      0.865546218487395,
      0.8403361344537815,
      0.8403361344537815,
      0.8487394957983193,
      0.8403361344537815
    ]
  }
}